2026-08-18 21:39:51,baseline,6.0,67.8,33.3,5.14984130859375e-05,0.0044460296630859375
2026-08-18 21:39:57,baseline,23.9,67.8,33.3,0.004511833190917969,0.05289173126220703
2026-08-18 21:40:03,baseline,4.0,66.1,33.3,0.008196830749511719,0.09670352935791016
2026-08-18 21:40:09,baseline,2.9,66.0,33.3,0.008557319641113281,0.13614368438720703
2026-08-18 21:40:16,baseline,8.6,65.8,33.3,0.008917808532714844,0.16767501831054688
2026-08-18 21:40:22,baseline,6.0,66.1,33.3,0.013117790222167969,0.20768356323242188
2026-08-18 21:40:28,baseline,5.5,66.1,33.3,0.01682567596435547,0.3795042037963867
2026-08-18 21:40:34,baseline,16.1,66.4,33.3,0.02315998077392578,0.7308053970336914
2026-08-18 21:40:40,baseline,0.6,66.3,33.3,0.027599334716796875,0.7557363510131836
2026-08-18 21:40:46,baseline,3.9,66.2,33.3,0.027742385864257812,0.7742156982421875
2026-08-18 21:40:52,baseline,10.9,66.2,33.3,0.027742385864257812,0.7944889068603516
2026-08-18 21:40:58,baseline,12.0,66.1,33.3,0.027742385864257812,0.8144960403442383
2026-08-18 21:50:43,ai_idle,13.0,80.6,33.3,0.0013780593872070312,0.05698585510253906
2026-08-18 21:50:49,ai_idle,22.3,79.9,33.3,0.0024118423461914062,0.10923099517822266
2026-08-18 21:50:55,ai_idle,6.6,79.2,33.3,0.05864429473876953,0.14936065673828125
2026-08-18 21:51:01,ai_idle,9.7,79.3,33.3,0.06814002990722656,0.1820964813232422
2026-08-18 21:51:07,ai_idle,5.8,78.8,33.3,0.07344245910644531,0.22283077239990234
2026-08-18 21:51:13,ai_idle,9.7,79.0,33.3,0.0739755630493164,0.24799728393554688
2026-08-18 21:51:19,ai_idle,5.8,78.6,33.3,0.16205215454101562,0.31723785400390625
2026-08-18 21:51:25,ai_idle,7.3,78.7,33.3,0.18426036834716797,0.35947608947753906
2026-08-18 21:51:31,ai_idle,4.5,78.7,33.3,0.1888284683227539,0.39607906341552734
2026-08-18 21:51:37,ai_idle,4.9,78.8,33.3,0.1923065185546875,0.42112159729003906
2026-08-18 21:55:34,ai_active,4.1,79.4,33.3,0.0,0.0033025741577148438
2026-08-18 21:55:40,ai_active,10.8,79.7,33.3,0.018759727478027344,0.028120994567871094
2026-08-18 21:55:47,ai_active,17.3,80.6,33.3,0.2464580535888672,0.1528491973876953
2026-08-18 21:55:53,ai_active,3.1,80.5,33.3,0.2898883819580078,0.20628643035888672
2026-08-18 21:55:59,ai_active,10.2,79.9,33.3,0.36328601837158203,0.24878215789794922
2026-08-18 21:56:05,ai_active,9.3,81.1,33.3,0.563140869140625,0.39492130279541016
2026-08-18 21:56:11,ai_active,3.3,81.3,33.3,0.6590261459350586,0.44495582580566406
2026-08-18 21:56:17,ai_active,6.2,81.5,33.3,0.684661865234375,0.4665670394897461
2026-08-18 21:56:23,ai_active,3.6,80.7,33.3,0.6876564025878906,0.4992561340332031
2026-08-18 21:57:35,ai_workload,6.8,80.0,33.3,0.0005664825439453125,0.03289318084716797
2026-08-18 21:57:41,ai_workload,10.2,80.2,33.3,0.02380657196044922,0.07583332061767578
2026-08-18 21:57:47,ai_workload,12.2,80.1,33.3,0.027298927307128906,0.10045528411865234
2026-08-18 21:57:53,ai_workload,10.3,80.2,33.3,0.17044448852539062,0.2193746566772461
2026-08-18 21:57:59,ai_workload,17.8,80.2,33.3,0.22895431518554688,0.2868070602416992
2026-08-18 21:58:05,ai_workload,17.5,80.9,33.3,0.2889089584350586,0.335296630859375
2026-08-18 21:58:11,ai_workload,12.3,81.0,33.3,0.35307884216308594,0.3705120086669922
2026-08-18 21:58:17,ai_workload,6.2,81.0,33.3,0.4120445251464844,0.41968822479248047
2026-08-18 21:58:23,ai_workload,5.8,80.7,33.3,0.41519737243652344,0.4425220489501953
2026-08-20 11:54:19,baseline,7.2,60.1,34.6,0.0,0.0005970001220703125
2026-08-20 11:54:25,baseline,1.9,60.6,34.6,0.006690025329589844,0.02012920379638672
2026-08-20 11:54:31,baseline,2.4,60.6,34.6,0.009916305541992188,0.03334522247314453
2026-08-20 11:54:37,baseline,3.1,60.6,34.6,0.012987136840820312,0.04942607879638672
2026-08-20 11:54:43,baseline,3.3,60.4,34.6,0.01605701446533203,0.06204700469970703
2026-08-20 11:55:14,ai_idle,13.2,79.2,34.6,0.0077457427978515625,0.01662445068359375
2026-08-20 11:55:20,ai_idle,14.3,78.3,34.6,0.010962486267089844,0.0302734375
2026-08-20 11:55:26,ai_idle,4.5,77.8,34.6,0.019034385681152344,0.04959392547607422
2026-08-20 11:55:32,ai_idle,9.6,77.5,34.6,0.022312164306640625,0.058807373046875
2026-08-20 11:55:38,ai_idle,8.0,77.9,34.6,0.07010459899902344,0.15764427185058594
2026-08-20 11:55:44,ai_idle,16.0,77.4,34.6,0.073455810546875,0.17689895629882812
2026-08-20 11:55:54,ai_active,11.6,77.5,34.6,0.012600898742675781,0.014525413513183594
2026-08-20 11:56:00,ai_active,14.3,77.8,34.6,0.1505584716796875,0.058623313903808594
2026-08-20 11:56:07,ai_active,5.1,77.9,34.6,0.2640342712402344,0.28633975982666016
2026-08-20 11:56:13,ai_active,14.3,77.4,34.6,0.268280029296875,0.3081226348876953
2026-08-20 11:56:19,ai_active,22.4,78.0,34.6,0.2971534729003906,0.3513669967651367
2026-08-20 11:56:25,ai_active,11.1,77.7,34.6,0.3336763381958008,0.4993572235107422
2026-08-20 11:56:42,ai_workload,27.1,76.8,34.6,0.0,0.00284576416015625
2026-08-20 11:56:48,ai_workload,12.7,77.1,34.6,0.005855560302734375,0.014699935913085938
2026-08-20 11:56:54,ai_workload,41.6,77.3,34.6,0.01794910430908203,0.033417701721191406
2026-08-20 11:57:00,ai_workload,25.5,78.0,34.6,0.06431770324707031,0.1257495880126953
2026-08-20 11:57:06,ai_workload,13.9,77.2,34.6,0.07464027404785156,0.14568519592285156
2026-08-20 11:57:12,ai_workload,8.6,77.4,34.6,0.08826446533203125,0.16412067413330078
2026-08-20 11:57:18,ai_workload,8.3,77.7,34.6,0.0972433090209961,0.18126869201660156
2026-08-20 17:43:17,baseline,12.6,87.9,34.9,0.037268638610839844,0.004973411560058594
2026-08-20 17:43:23,baseline,11.0,86.6,34.9,0.2476797103881836,0.09130096435546875
2026-08-20 17:49:06,baseline,6.0,80.8,34.9,0.012274742126464844,0.0004138946533203125
2026-08-20 17:49:12,baseline,35.3,81.1,34.9,0.11723899841308594,0.006415367126464844
2026-08-20 17:49:18,baseline,48.9,81.8,34.9,0.20740413665771484,0.019530296325683594
2026-08-20 17:49:24,baseline,22.9,82.8,34.9,0.31653308868408203,0.040493011474609375
2026-08-20 17:49:30,baseline,30.2,83.2,34.8,0.4596281051635742,0.10314750671386719
2026-08-20 17:49:36,baseline,29.3,83.3,34.8,0.6073141098022461,0.1621084213256836
2026-08-20 17:49:42,baseline,43.1,83.1,34.8,0.8129119873046875,0.18473339080810547
2026-08-20 17:49:48,baseline,27.4,84.5,34.8,1.0320796966552734,0.37920093536376953
2026-08-20 17:49:54,baseline,17.2,85.2,34.8,1.2321720123291016,1.104227066040039
2026-08-20 17:50:01,baseline,22.7,85.6,34.8,1.3899726867675781,1.7634592056274414
2026-08-20 17:50:07,baseline,15.0,85.1,34.8,1.5811958312988281,2.5897960662841797
2026-08-20 17:50:17,ai_idle,16.5,85.9,34.8,0.01808643341064453,0.013005256652832031
2026-08-20 17:50:23,ai_idle,14.5,86.3,34.8,0.17701053619384766,0.21173381805419922
2026-08-20 17:50:29,ai_idle,10.1,86.9,34.8,0.2754087448120117,0.42456531524658203
2026-08-20 17:50:35,ai_idle,17.1,86.1,34.8,0.42138099670410156,0.45481300354003906
2026-08-20 17:50:41,ai_idle,22.9,86.1,34.8,0.5807619094848633,0.5061187744140625
2026-08-20 17:50:47,ai_idle,12.9,85.9,34.8,0.7217006683349609,0.512394905090332
2026-08-20 17:50:53,ai_idle,2.9,85.8,34.8,0.7893810272216797,0.5168628692626953
2026-08-20 17:51:00,ai_active,19.2,85.9,34.8,0.023107528686523438,0.06964969635009766
2026-08-20 17:51:06,ai_active,73.5,86.7,34.8,0.07245826721191406,0.15864181518554688
2026-08-20 17:51:12,ai_active,22.4,87.3,34.8,0.10277938842773438,0.35846710205078125
2026-08-20 17:51:18,ai_active,12.8,88.1,34.8,0.13432598114013672,0.5438270568847656
2026-08-20 17:51:24,ai_active,17.1,88.5,34.8,0.15229225158691406,0.5632076263427734
2026-08-20 17:51:30,ai_active,12.4,88.5,34.8,0.1602344512939453,0.5718784332275391
2026-08-20 17:51:36,ai_active,17.2,88.6,34.8,0.16858768463134766,0.576507568359375
2026-08-20 17:51:42,ai_active,9.2,87.5,34.8,0.18001937866210938,0.5793581008911133
2026-08-20 17:51:48,ai_active,10.5,87.1,34.8,0.18666362762451172,0.5810699462890625
2026-08-20 17:51:55,ai_active,21.3,87.4,34.8,0.21216201782226562,0.5990409851074219
2026-08-20 17:52:01,ai_active,19.6,85.4,34.8,0.21598052978515625,0.6002330780029297
2026-08-20 17:52:07,ai_active,11.2,85.4,34.8,0.21934795379638672,0.6008901596069336
2026-08-20 17:52:18,ai_workload,27.2,86.0,34.8,0.023046493530273438,0.034615516662597656
2026-08-20 17:52:24,ai_workload,22.3,86.3,34.8,0.03801155090332031,0.04561805725097656
2026-08-20 17:52:30,ai_workload,15.0,86.8,34.8,0.06477165222167969,0.08182907104492188
2026-08-20 17:52:36,ai_workload,21.8,87.1,34.8,0.07932662963867188,0.118255615234375
2026-08-20 17:52:42,ai_workload,28.0,88.1,34.8,0.1053476333618164,0.13447952270507812
2026-08-20 17:52:48,ai_workload,24.9,88.1,34.8,0.11327457427978516,0.13829517364501953
2026-08-20 17:52:54,ai_workload,21.9,88.6,34.8,0.15240192413330078,0.19233131408691406
2026-08-20 17:53:00,ai_workload,16.3,88.6,34.8,0.15831470489501953,0.19610118865966797
2026-08-20 17:53:06,ai_workload,19.7,88.1,34.8,0.1628408432006836,0.19774627685546875
